{"cameraMode":{"drawMode":0,"name":"Shaded","section":"Shading Mode"},"sceneLighting":true,"audioPlay":false,"sceneViewState":{"showFog":true,"showMaterialUpdate":false,"showSkybox":true,"showFlares":true,"showImageEffects":true,"showParticleSystems":true},"in2DMode":false,"pivot":{"x":44.5410041809082,"y":11.36330795288086,"z":-49.6737174987793},"rotation":{"x":-0.16603493690490724,"y":-0.009767466224730015,"z":0.001634474960155785,"w":-0.9861066341400147},"size":10.0,"orthographic":false}